name	brand	ml	price	before	gender	category
Her Eau de Toilette	Burberry	50	90		Dama	damas
Invictus	Rabanne	100	110		Caballero	caballeros
Uomo Born in Roma Green Stravaganza	Valentino	50	120		Caballero	caballeros
Supremacy Silver	Afnan	100	65		Caballero	caballeros
Al Noble Ameer	Lattafa	100	63	75	Caballero	arabes
Fakhar Gold	Lattafa	100	60	68	Unisex	arabes
L.12.12 Noir	Lacoste	100	85		Caballero	caballeros
L.12.12 Blanc	Lacoste	100	85		Caballero	caballeros
CK Free	Calvin Klein	100	70	75	Caballero	caballeros
CK One Shock for Him	Calvin Klein	100	65		Caballero	caballeros
CK One	Calvin Klein	100	75		Unisex	unisex
CK IN2U for Him	Calvin Klein	100	68	75	Caballero	caballeros
Toy Boy	Moschino	100	103	125	Caballero	caballeros
Voyage Sport	Nautica	100	48	55	Caballero	caballeros
Voyage	Nautica	100	48	55	Caballero	caballeros
Voyage N-83	Nautica	100	48	55	Caballero	caballeros
Club de Nuit Intense Man	Armaf	105	65	75	Caballero	arabes
Odyssey Artisto	Armaf	100	73		Unisex	arabes
Odyssey Black Forest	Armaf	100	68		Unisex	arabes
Odyssey Mandarin Sky Elixir	Armaf	100	75	80	Caballero	arabes
Nitro Black	Dumont	100	70		Caballero	arabes
Nitro Red Intensely	Dumont	100	80	88	Caballero	arabes
Nitro Red	Dumont	100	65		Caballero	arabes
Asad Bourbon	Lattafa	100	65		Caballero	arabes
Asad Elixir	Lattafa	100	68	75	Caballero	arabes
Asad	Lattafa	100	63		Caballero	arabes
Libre	Yves Saint Laurent	30	110		Dama	damas
Messi	Messi	100	83	98	Caballero	caballeros
CR7	Cristiano Ronaldo	100	75	93	Caballero	caballeros
Pour Homme	Dolce & Gabbana	75	123		Caballero	caballeros
Amber Oud Gold Edition	Al Haramain	100	90	98	Unisex	arabes
Vintage Radio	Lattafa	100	75		Unisex	arabes
Khamrah Dukhan	Lattafa	100	70		Unisex	arabes
Khamrah Qahwa	Lattafa	100	70		Unisex	arabes
Khamrah	Lattafa	100	70		Unisex	arabes
9AM Dive	Afnan	100	70		Unisex	arabes
9PM	Afnan	100	65		Caballero	arabes
Hawas Black	Rasasi	100	72	95	Caballero	arabes
Hawas Tropical	Rasasi	100	69.99	78	Caballero	arabes
Yara Elixir	Lattafa	100	70		Dama	arabes
Yara Candy	Lattafa	100	65		Dama	arabes
J'adore	Dior	50	105		Dama	damas
Goddess	Burberry	50	95	110	Dama	damas
Guilty Pour Femme	Gucci	90	130	145	Dama	damas
Club de Nuit Maleka	Armaf	105	70		Dama	arabes
Club de Nuit Milestone	Armaf	105	70		Unisex	arabes
Sì	Giorgio Armani	50	98	105	Dama	damas
Flora Gorgeous Gardenia	Gucci	50	110		Dama	damas
Obsession for Women	Calvin Klein	100	85		Dama	damas
Donna Born in Roma	Valentino	50	120		Dama	damas
Coach Eau de Parfum	Coach	90	123		Dama	damas
La Vie Est Belle	Lancôme	30	83	95	Dama	damas
Cloud	Ariana Grande	100	99.99		Dama	damas
Toy 2	Moschino	100	100		Dama	damas
Light Blue	Dolce & Gabbana	50	93	105	Dama	damas
Club de Nuit Oud	Armaf	100	75		Unisex	arabes
Angel	Mugler		95	110	Dama	damas
Odyssey Candee	Armaf		65		Dama	arabes
Eclaire Pistache	Lattafa		78		Dama	arabes
Eclaire	Lattafa		78		Dama	arabes
Yara Moi	Lattafa		63		Dama	arabes
Yara	Lattafa		65		Dama	arabes
Yara Tous	Lattafa		63		Dama	arabes
Island Bliss	Armaf		88	95	Dama	arabes
Royal Amber	Orientica		105	120	Unisex	arabes
Amber Rouge	Orientica		105	120	Unisex	arabes
Yum Yum	Armaf		88		Dama	arabes
